{
  "users": {
    "L_BOT": {
      "IsExist": true,
      "MDP": "muhiwefzghiweqf78z34596p78g543x6l7gb9345lg6897345",
      "posts": [3422345]
    },
    "FannetteLaBellette": {
      "IsExist": true,
      "MDP": "58fa2fc4bfc34711a35152f07741e353",
      "posts": [1687257748]
    }
  },
  "posts": {
    "3422345": {
      "Name": "Default Post",
      "content": "<h1>This is the first post auo-generated</h1>",
      "creator": "L_BOT",
      "timestamp": 1
    },
    "3422346": {
      "Name": "Default Post",
      "content": "<h1>This is the second post auo-generated</h1>",
      "creator": "L_BOT",
      "timestamp": 1
    }
  }
}
